schema,statistic,unit,benchmark,coverage,baseline_point,baseline_lower,baseline_upper,baseline_confidence_level,current_point,current_lower,current_upper,current_confidence_level
research-repo-tools/criterion-comparison/v1,median,ns,chain_step_by_value,common,16.84103176175841,16.82479885334262,16.87755798082383,0.95,18.15786523459949,17.66042788358082,18.42597585865297,0.95
research-repo-tools/criterion-comparison/v1,median,ns,chain_step_delayed_accept_reflection,common,11.352329342264573,11.118316532484764,11.485435632695477,0.95,11.129818526627766,10.941755573747368,11.292123642886514,0.95
research-repo-tools/criterion-comparison/v1,median,ns,chain_step_delayed_no_plan,common,0.7786750256182864,0.7684783605542356,0.8005618450825296,0.95,0.7799421123997186,0.76588203753614,0.7934591557493071,0.95
research-repo-tools/criterion-comparison/v1,median,ns,chain_step_delayed_reject_reflection,common,11.35799243306826,11.256484006921173,11.624974022675318,0.95,11.429672436933505,11.147301927892894,11.567663211262852,0.95
research-repo-tools/criterion-comparison/v1,median,ns,chain_step_mut_accept,common,13.73066249606337,13.685336739650408,13.778864392610142,0.95,14.871713066075195,14.37506565416427,15.105505673748409,0.95
research-repo-tools/criterion-comparison/v1,median,ns,chain_step_mut_reject_rollback,common,211.7652669376356,207.99155362441712,214.4684061675514,0.95,217.20927355268256,211.2105658214843,220.9521404708259,0.95
research-repo-tools/criterion-comparison/v1,median,ns,observing_manual_online_sum_100,common,1382.358296473401,1363.6820805078632,1401.7064692629547,0.95,1363.8244897103818,1334.2943763172625,1400.4571876440757,0.95
research-repo-tools/criterion-comparison/v1,median,ns,observing_run_observing_buffer_100,common,1905.9346405852416,1879.324228541924,1935.4308462611837,0.95,1902.019472584132,1868.8443511450382,1938.523417272545,0.95
research-repo-tools/criterion-comparison/v1,median,ns,observing_run_observing_into_binning_100,common,2481.9853698501875,2424.8545646982197,2531.3189850337203,0.95,2420.430414551607,2367.6390036595444,2478.1770141871666,0.95
research-repo-tools/criterion-comparison/v1,median,ns,observing_run_observing_into_online_stats_100,common,1693.0519284846669,1658.573020289855,1730.4281949934125,0.95,1643.8371717812752,1638.8111396047036,1653.2032774580935,0.95
research-repo-tools/criterion-comparison/v1,median,ns,sampler_run_by_value_100,common,1649.5875665332592,1610.4488512493713,1695.0392087183131,0.95,1662.3551784127926,1632.4497149837134,1689.778730038929,0.95
research-repo-tools/criterion-comparison/v1,median,ns,sampler_run_by_value_thinned_100/1,common,1879.0876155347464,1842.4859669190068,1917.5989370390566,0.95,1843.9874542124544,1817.6953489859893,1873.7323209526808,0.95
research-repo-tools/criterion-comparison/v1,median,ns,sampler_run_by_value_thinned_100/16,common,1877.6603664192949,1842.3469031790578,1913.6611471861472,0.95,1864.2489597069598,1851.6269950738915,1908.018102372035,0.95
research-repo-tools/criterion-comparison/v1,median,ns,sampler_run_by_value_thinned_100/2,common,1894.2468058191018,1866.2788375112355,1928.5163331273995,0.95,1866.0638800798683,1858.3944051167412,1878.484244686575,0.95
research-repo-tools/criterion-comparison/v1,median,ns,sampler_run_delayed_reflection_100,common,944.3900327988338,922.4558662280701,960.2715188946391,0.95,902.9763723544974,884.9810960540744,917.6409161793372,0.95
research-repo-tools/criterion-comparison/v1,median,ns,sampler_run_delayed_thinned_100/1,common,1123.6910315364444,1106.053363397219,1139.0489373251494,0.95,1126.7402361678292,1110.5777777777778,1144.3571327683617,0.95
research-repo-tools/criterion-comparison/v1,median,ns,sampler_run_delayed_thinned_100/16,common,1119.9096489413064,1103.330439944134,1133.9247777165788,0.95,1113.172812865666,1091.9997092729295,1127.1815276662328,0.95
research-repo-tools/criterion-comparison/v1,median,ns,sampler_run_delayed_thinned_100/2,common,1109.1952362689235,1088.101659192825,1131.8634486575465,0.95,1117.840225683964,1092.0134661387444,1148.1575217655395,0.95
research-repo-tools/criterion-comparison/v1,median,ns,sampler_run_mut_100,common,1355.1766804788213,1340.8508632596686,1384.3926462183274,0.95,1297.9961304260787,1292.9911869935809,1306.5418480288522,0.95
research-repo-tools/criterion-comparison/v1,median,ns,sampler_run_mut_thinned_100/1,common,1142.5576669536931,1120.1588143200083,1155.014809729546,0.95,1119.906322931756,1108.2688555851782,1130.5086828309306,0.95
research-repo-tools/criterion-comparison/v1,median,ns,sampler_run_mut_thinned_100/16,common,1116.9895984661478,1103.5644463543904,1142.25525405693,0.95,1094.347266185996,1081.5271549576482,1119.6266695597667,0.95
research-repo-tools/criterion-comparison/v1,median,ns,sampler_run_mut_thinned_100/2,common,1130.4184784078616,1108.3887749445676,1154.446590909091,0.95,1117.3332133433,1102.3365127870409,1132.1532363293709,0.95
